{"textures":{"0":"modelengine:entity/texture"},"elements":[{"from":[10.0,16.0,0.75],"to":[12.0,18.0,2.75],"faces":{"east":{"uv":[3.75,4.25,4.009259,4.543233],"tintindex":0,"rotation":0,"texture":"#0"},"south":{"uv":[3.75,4.25,4.009259,4.543233],"tintindex":0,"rotation":0,"texture":"#0"},"north":{"uv":[3.75,4.25,4.009259,4.543233],"tintindex":0,"rotation":0,"texture":"#0"},"west":{"uv":[3.75,4.25,4.009259,4.543233],"tintindex":0,"rotation":0,"texture":"#0"},"up":{"uv":[3.75,4.25,4.009259,4.543233],"tintindex":0,"rotation":0,"texture":"#0"},"down":{"uv":[3.75,4.25,4.009259,4.543233],"tintindex":0,"rotation":0,"texture":"#0"}}},{"from":[4.0,16.0,0.75],"to":[6.0,18.0,2.75],"faces":{"east":{"uv":[4.5,4.5,4.759259,4.793233],"tintindex":0,"rotation":0,"texture":"#0"},"south":{"uv":[4.5,4.5,4.759259,4.793233],"tintindex":0,"rotation":0,"texture":"#0"},"north":{"uv":[4.5,4.5,4.759259,4.793233],"tintindex":0,"rotation":0,"texture":"#0"},"west":{"uv":[4.5,4.5,4.759259,4.793233],"tintindex":0,"rotation":0,"texture":"#0"},"up":{"uv":[4.5,4.5,4.759259,4.793233],"tintindex":0,"rotation":0,"texture":"#0"},"down":{"uv":[4.5,4.5,4.759259,4.793233],"tintindex":0,"rotation":0,"texture":"#0"}}},{"from":[3.0,12.0,1.0],"to":[13.0,20.0,11.0],"faces":{"east":{"uv":[0.0,0.0,2.3333333,2.025974],"tintindex":0,"rotation":0,"texture":"#0"},"south":{"uv":[0.0,0.0,2.3333333,2.025974],"tintindex":0,"rotation":0,"texture":"#0"},"north":{"uv":[0.0,0.0,2.3333333,2.025974],"tintindex":0,"rotation":0,"texture":"#0"},"west":{"uv":[0.0,0.0,2.3333333,2.025974],"tintindex":0,"rotation":0,"texture":"#0"},"up":{"uv":[2.3333333,2.5324676,0.0,0.0],"tintindex":0,"rotation":0,"texture":"#0"},"down":{"uv":[2.3333333,0.0,0.0,2.5324676],"tintindex":0,"rotation":0,"texture":"#0"}}}],"display":{"gui":{"rotation":[30,225,0]}}}