{"elements":[{"from":[-3.5714293,5.428571,6.714286],"to":[19.57143,17.0,18.285715],"rotation":{"angle":0.0,"axis":"y","origin":[8.0,-16.428572,8.0]},"faces":{"east":{"uv":[5.125,2.875,6.25,4.0],"rotation":0,"texture":"#0","tintindex":0},"south":{"uv":[0.0,1.125,2.25,2.25],"rotation":0,"texture":"#0","tintindex":0},"north":{"uv":[0.0,0.0,2.25,1.125],"rotation":0,"texture":"#0","tintindex":0},"west":{"uv":[5.125,4.0,6.25,5.125],"rotation":0,"texture":"#0","tintindex":0},"up":{"uv":[2.25,3.375,0.0,2.25],"rotation":0,"texture":"#0","tintindex":0},"down":{"uv":[4.5,0.0,2.25,1.125],"rotation":0,"texture":"#0","tintindex":0}}},{"from":[13.785715,17.377432,9.26566],"to":[20.728573,22.006004,14.794231],"rotation":{"angle":45.0,"axis":"x","origin":[8.0,14.428572,8.0]},"faces":{"east":{"uv":[11.625,4.5,12.1875,4.9375],"rotation":0,"texture":"#0","tintindex":0},"south":{"uv":[9.875,11.25,10.5625,11.6875],"rotation":0,"texture":"#0","tintindex":0},"north":{"uv":[9.125,11.25,9.8125,11.6875],"rotation":0,"texture":"#0","tintindex":0},"west":{"uv":[11.625,5.625,12.1875,6.0625],"rotation":0,"texture":"#0","tintindex":0},"up":{"uv":[0.6875,11.1875,0.0,10.625],"rotation":0,"texture":"#0","tintindex":0},"down":{"uv":[11.3125,0.625,10.625,1.1875],"rotation":0,"texture":"#0","tintindex":0}}},{"from":[-1.4371433,15.559999,8.0],"to":[3.3457136,18.748571,13.58],"rotation":{"angle":22.5,"axis":"y","origin":[5.608571,3.5,11.188572]},"faces":{"east":{"uv":[9.625,12.0,10.1875,12.3125],"rotation":0,"texture":"#0","tintindex":0},"south":{"uv":[3.75,12.125,4.1875,12.4375],"rotation":0,"texture":"#0","tintindex":0},"north":{"uv":[3.25,12.125,3.6875,12.4375],"rotation":0,"texture":"#0","tintindex":0},"west":{"uv":[12.0,9.875,12.5625,10.1875],"rotation":0,"texture":"#0","tintindex":0},"up":{"uv":[12.0625,8.1875,11.625,7.625],"rotation":0,"texture":"#0","tintindex":0},"down":{"uv":[8.4375,11.625,8.0,12.1875],"rotation":0,"texture":"#0","tintindex":0}}},{"from":[3.7766037,9.454622,10.571428],"to":[11.49089,15.883194,17.0],"rotation":{"angle":45.0,"axis":"z","origin":[8.0,19.57143,8.0]},"faces":{"east":{"uv":[10.25,0.0,10.875,0.625],"rotation":0,"texture":"#0","tintindex":0},"south":{"uv":[5.5,9.75,6.25,10.375],"rotation":0,"texture":"#0","tintindex":0},"north":{"uv":[4.125,9.75,4.875,10.375],"rotation":0,"texture":"#0","tintindex":0},"west":{"uv":[10.25,2.875,10.875,3.5],"rotation":0,"texture":"#0","tintindex":0},"up":{"uv":[10.5,6.5,9.75,5.875],"rotation":0,"texture":"#0","tintindex":0},"down":{"uv":[7.0,9.75,6.25,10.375],"rotation":0,"texture":"#0","tintindex":0}}},{"from":[-2.285715,6.714286,5.428571],"to":[18.285715,15.714286,6.714286],"rotation":{"angle":0.0,"axis":"y","origin":[8.0,-16.428572,8.0]},"faces":{"east":{"uv":[2.75,11.875,2.875,12.75],"rotation":0,"texture":"#0","tintindex":0},"south":{"uv":[2.0,3.625,4.0,4.5],"rotation":0,"texture":"#0","tintindex":0},"north":{"uv":[0.0,3.375,2.0,4.25],"rotation":0,"texture":"#0","tintindex":0},"west":{"uv":[4.625,12.0,4.75,12.875],"rotation":0,"texture":"#0","tintindex":0},"up":{"uv":[13.375,1.75,11.375,1.625],"rotation":0,"texture":"#0","tintindex":0},"down":{"uv":[13.375,4.375,11.375,4.5],"rotation":0,"texture":"#0","tintindex":0}}},{"from":[24.714287,4.142857,4.142857],"to":[27.285715,6.714286,6.714286],"rotation":{"angle":22.5,"axis":"z","origin":[8.0,-16.428572,8.0]},"faces":{"east":{"uv":[8.625,1.625,8.875,1.875],"rotation":0,"texture":"#0","tintindex":0},"south":{"uv":[9.125,3.125,9.375,3.375],"rotation":0,"texture":"#0","tintindex":0},"north":{"uv":[2.0,3.375,2.25,3.625],"rotation":0,"texture":"#0","tintindex":0},"west":{"uv":[10.125,8.625,10.375,8.875],"rotation":0,"texture":"#0","tintindex":0},"up":{"uv":[10.5,4.375,10.25,4.125],"rotation":0,"texture":"#0","tintindex":0},"down":{"uv":[3.5,10.75,3.25,11.0],"rotation":0,"texture":"#0","tintindex":0}}},{"from":[22.142857,9.285714,4.142857],"to":[24.714287,11.857143,6.714286],"rotation":{"angle":45.0,"axis":"z","origin":[8.0,-16.428572,8.0]},"faces":{"east":{"uv":[10.375,11.75,10.625,12.0],"rotation":0,"texture":"#0","tintindex":0},"south":{"uv":[12.375,0.75,12.625,1.0],"rotation":0,"texture":"#0","tintindex":0},"north":{"uv":[9.125,11.0,9.375,11.25],"rotation":0,"texture":"#0","tintindex":0},"west":{"uv":[12.375,1.0,12.625,1.25],"rotation":0,"texture":"#0","tintindex":0},"up":{"uv":[12.625,4.75,12.375,4.5],"rotation":0,"texture":"#0","tintindex":0},"down":{"uv":[12.625,4.75,12.375,5.0],"rotation":0,"texture":"#0","tintindex":0}}},{"from":[20.859715,8.002571,4.1454287],"to":[23.425999,10.568857,6.7117143],"rotation":{"angle":45.0,"axis":"z","origin":[8.0,-16.428572,8.0]},"faces":{"east":{"uv":[12.375,5.875,12.625,6.125],"rotation":0,"texture":"#0","tintindex":0},"south":{"uv":[12.375,6.875,12.625,7.125],"rotation":0,"texture":"#0","tintindex":0},"north":{"uv":[12.375,5.625,12.625,5.875],"rotation":0,"texture":"#0","tintindex":0},"west":{"uv":[12.375,7.125,12.625,7.375],"rotation":0,"texture":"#0","tintindex":0},"up":{"uv":[12.625,8.5,12.375,8.25],"rotation":0,"texture":"#0","tintindex":0},"down":{"uv":[12.625,8.5,12.375,8.75],"rotation":0,"texture":"#0","tintindex":0}}},{"from":[-1.0,15.714286,5.428571],"to":[17.0,17.0,6.714286],"rotation":{"angle":0.0,"axis":"y","origin":[8.0,-16.428572,8.0]},"faces":{"east":{"uv":[3.5,10.875,3.625,11.0],"rotation":0,"texture":"#0","tintindex":0},"south":{"uv":[11.5,11.125,13.25,11.25],"rotation":0,"texture":"#0","tintindex":0},"north":{"uv":[11.5,2.75,13.25,2.875],"rotation":0,"texture":"#0","tintindex":0},"west":{"uv":[5.375,10.875,5.5,11.0],"rotation":0,"texture":"#0","tintindex":0},"up":{"uv":[13.25,11.375,11.5,11.25],"rotation":0,"texture":"#0","tintindex":0},"down":{"uv":[13.375,2.25,11.625,2.375],"rotation":0,"texture":"#0","tintindex":0}}},{"from":[-1.0,5.428571,5.428571],"to":[17.0,6.714286,6.714286],"rotation":{"angle":0.0,"axis":"y","origin":[8.0,-16.428572,8.0]},"faces":{"east":{"uv":[8.125,10.875,8.25,11.0],"rotation":0,"texture":"#0","tintindex":0},"south":{"uv":[1.125,11.75,2.875,11.875],"rotation":0,"texture":"#0","tintindex":0},"north":{"uv":[11.625,6.125,13.375,6.25],"rotation":0,"texture":"#0","tintindex":0},"west":{"uv":[9.375,11.0,9.5,11.125],"rotation":0,"texture":"#0","tintindex":0},"up":{"uv":[13.5,3.0,11.75,2.875],"rotation":0,"texture":"#0","tintindex":0},"down":{"uv":[13.5,3.0,11.75,3.125],"rotation":0,"texture":"#0","tintindex":0}}},{"from":[-3.5714293,8.0,5.428571],"to":[-2.285715,14.428572,6.714286],"rotation":{"angle":0.0,"axis":"y","origin":[8.0,-16.428572,8.0]},"faces":{"east":{"uv":[3.125,12.25,3.25,12.875],"rotation":0,"texture":"#0","tintindex":0},"south":{"uv":[12.25,4.5,12.375,5.125],"rotation":0,"texture":"#0","tintindex":0},"north":{"uv":[3.0,12.25,3.125,12.875],"rotation":0,"texture":"#0","tintindex":0},"west":{"uv":[7.25,12.25,7.375,12.875],"rotation":0,"texture":"#0","tintindex":0},"up":{"uv":[9.5,11.25,9.375,11.125],"rotation":0,"texture":"#0","tintindex":0},"down":{"uv":[5.375,11.375,5.25,11.5],"rotation":0,"texture":"#0","tintindex":0}}},{"from":[18.285715,8.0,5.428571],"to":[19.57143,14.428572,6.714286],"rotation":{"angle":0.0,"axis":"y","origin":[8.0,-16.428572,8.0]},"faces":{"east":{"uv":[7.5,12.25,7.625,12.875],"rotation":0,"texture":"#0","tintindex":0},"south":{"uv":[8.0,12.25,8.125,12.875],"rotation":0,"texture":"#0","tintindex":0},"north":{"uv":[7.375,12.25,7.5,12.875],"rotation":0,"texture":"#0","tintindex":0},"west":{"uv":[8.125,12.25,8.25,12.875],"rotation":0,"texture":"#0","tintindex":0},"up":{"uv":[8.125,11.5,8.0,11.375],"rotation":0,"texture":"#0","tintindex":0},"down":{"uv":[8.125,11.5,8.0,11.625],"rotation":0,"texture":"#0","tintindex":0}}},{"from":[-1.0,6.714286,18.285715],"to":[17.0,15.714286,19.57143],"rotation":{"angle":0.0,"axis":"y","origin":[8.0,-16.428572,8.0]},"faces":{"east":{"uv":[7.125,12.0,7.25,12.875],"rotation":0,"texture":"#0","tintindex":0},"south":{"uv":[4.0,2.0,5.75,2.875],"rotation":0,"texture":"#0","tintindex":0},"north":{"uv":[4.0,1.125,5.75,2.0],"rotation":0,