{"elements":[{"from":[-1.0,-1.0,1.5714283],"to":[10.571428,11.857143,13.142858],"rotation":{"angle":0.0,"axis":"y","origin":[22.142857,-20.285715,4.142857]},"faces":{"east":{"uv":[4.0,4.125,5.125,5.375],"rotation":0,"texture":"#0","tintindex":0},"south":{"uv":[0.0,4.25,1.125,5.5],"rotation":0,"texture":"#0","tintindex":0},"north":{"uv":[4.0,2.875,5.125,4.125],"rotation":0,"texture":"#0","tintindex":0},"west":{"uv":[1.125,4.5,2.25,5.75],"rotation":0,"texture":"#0","tintindex":0},"up":{"uv":[6.25,6.25,5.125,5.125],"rotation":0,"texture":"#0","tintindex":0},"down":{"uv":[3.375,5.25,2.25,6.375],"rotation":0,"texture":"#0","tintindex":0}}},{"from":[0.28571415,0.28571415,0.28571415],"to":[9.285714,10.571428,1.5714283],"rotation":{"angle":0.0,"axis":"y","origin":[22.142857,-20.285715,4.142857]},"faces":{"east":{"uv":[4.75,11.5,4.875,12.5],"rotation":0,"texture":"#0","tintindex":0},"south":{"uv":[6.75,0.75,7.625,1.75],"rotation":0,"texture":"#0","tintindex":0},"north":{"uv":[3.5,6.5,4.375,7.5],"rotation":0,"texture":"#0","tintindex":0},"west":{"uv":[2.625,11.875,2.75,12.875],"rotation":0,"texture":"#0","tintindex":0},"up":{"uv":[9.375,7.125,8.5,7.0],"rotation":0,"texture":"#0","tintindex":0},"down":{"uv":[9.75,5.875,8.875,6.0],"rotation":0,"texture":"#0","tintindex":0}}},{"from":[4.1454287,11.8597145,-2.283142],"to":[10.568857,14.426001,4.1402855],"rotation":{"angle":22.5,"axis":"y","origin":[22.142857,-20.285715,4.142857]},"faces":{"east":{"uv":[12.0,7.375,12.625,7.625],"rotation":0,"texture":"#0","tintindex":0},"south":{"uv":[12.0,9.25,12.625,9.5],"rotation":0,"texture":"#0","tintindex":0},"north":{"uv":[12.0,6.25,12.625,6.5],"rotation":0,"texture":"#0","tintindex":0},"west":{"uv":[10.25,12.0,10.875,12.25],"rotation":0,"texture":"#0","tintindex":0},"up":{"uv":[11.125,2.5,10.5,1.875],"rotation":0,"texture":"#0","tintindex":0},"down":{"uv":[11.125,5.625,10.5,6.25],"rotation":0,"texture":"#0","tintindex":0}}},{"from":[-2.285715,2.8571424,2.8571424],"to":[-1.0,11.857143,11.857143],"rotation":{"angle":0.0,"axis":"y","origin":[22.142857,-20.285715,4.142857]},"faces":{"east":{"uv":[7.25,3.625,8.125,4.5],"rotation":0,"texture":"#0","tintindex":0},"south":{"uv":[7.875,12.125,8.0,13.0],"rotation":0,"texture":"#0","tintindex":0},"north":{"uv":[5.125,12.125,5.25,13.0],"rotation":0,"texture":"#0","tintindex":0},"west":{"uv":[4.375,7.25,5.25,8.125],"rotation":0,"texture":"#0","tintindex":0},"up":{"uv":[11.125,13.0,11.0,12.125],"rotation":0,"texture":"#0","tintindex":0},"down":{"uv":[11.25,12.125,11.125,13.0],"rotation":0,"texture":"#0","tintindex":0}}}],"textures":{"0":"modelengine:entity/rocky"},"display":{"head":{"translation":[0.0,-6.4,0.0],"scale":[4.0,4.0,4.0]}}}