{"elements":[{"from":[10.571428,6.714286,2.8571424],"to":[20.857143,13.142858,11.857143],"rotation":{"angle":22.5,"axis":"z","origin":[24.714287,-12.57143,4.142857]},"faces":{"east":{"uv":[5.5,9.125,6.375,9.75],"rotation":0,"texture":"#0","tintindex":0},"south":{"uv":[8.875,1.625,9.875,2.25],"rotation":0,"texture":"#0","tintindex":0},"north":{"uv":[3.125,8.5,4.125,9.125],"rotation":0,"texture":"#0","tintindex":0},"west":{"uv":[6.375,9.125,7.25,9.75],"rotation":0,"texture":"#0","tintindex":0},"up":{"uv":[1.0,7.5,0.0,6.625],"rotation":0,"texture":"#0","tintindex":0},"down":{"uv":[7.625,6.125,6.625,7.0],"rotation":0,"texture":"#0","tintindex":0}}},{"from":[9.285714,6.714286,4.142857],"to":[10.571428,11.857143,10.571428],"rotation":{"angle":22.5,"axis":"z","origin":[24.714287,-12.57143,4.142857]},"faces":{"east":{"uv":[6.0,11.0,6.625,11.5],"rotation":0,"texture":"#0","tintindex":0},"south":{"uv":[9.75,12.375,9.875,12.875],"rotation":0,"texture":"#0","tintindex":0},"north":{"uv":[9.625,12.375,9.75,12.875],"rotation":0,"texture":"#0","tintindex":0},"west":{"uv":[11.0,7.625,11.625,8.125],"rotation":0,"texture":"#0","tintindex":0},"up":{"uv":[11.625,12.875,11.5,12.25],"rotation":0,"texture":"#0","tintindex":0},"down":{"uv":[11.75,12.25,11.625,12.875],"rotation":0,"texture":"#0","tintindex":0}}},{"from":[11.857143,0.28571415,4.142857],"to":[17.0,6.714286,9.285714],"rotation":{"angle":22.5,"axis":"z","origin":[24.714287,-12.57143,4.142857]},"faces":{"east":{"uv":[8.625,11.0,9.125,11.625],"rotation":0,"texture":"#0","tintindex":0},"south":{"uv":[11.0,10.125,11.5,10.75],"rotation":0,"texture":"#0","tintindex":0},"north":{"uv":[8.125,11.0,8.625,11.625],"rotation":0,"texture":"#0","tintindex":0},"west":{"uv":[11.0,10.75,11.5,11.375],"rotation":0,"texture":"#0","tintindex":0},"up":{"uv":[8.375,7.625,7.875,7.125],"rotation":0,"texture":"#0","tintindex":0},"down":{"uv":[4.75,11.5,4.25,12.0],"rotation":0,"texture":"#0","tintindex":0}}},{"from":[10.575286,4.146714,2.861],"to":[19.567572,6.710428,10.567572],"rotation":{"angle":22.5,"axis":"z","origin":[24.714287,-12.57143,4.142857]},"faces":{"east":{"uv":[11.0,11.875,11.75,12.125],"rotation":0,"texture":"#0","tintindex":0},"south":{"uv":[11.75,3.375,12.625,3.625],"rotation":0,"texture":"#0","tintindex":0},"north":{"uv":[1.125,4.25,2.0,4.5],"rotation":0,"texture":"#0","tintindex":0},"west":{"uv":[11.75,11.875,12.5,12.125],"rotation":0,"texture":"#0","tintindex":0},"up":{"uv":[8.875,2.625,8.0,1.875],"rotation":0,"texture":"#0","tintindex":0},"down":{"uv":[8.875,4.5,8.0,5.25],"rotation":0,"texture":"#0","tintindex":0}}},{"from":[10.571428,-6.1428576,2.8571424],"to":[18.285715,0.28571415,9.285714],"rotation":{"angle":22.5,"axis":"z","origin":[24.714287,-12.57143,4.142857]},"faces":{"east":{"uv":[8.875,10.375,9.5,11.0],"rotation":0,"texture":"#0","tintindex":0},"south":{"uv":[9.75,8.875,10.5,9.5],"rotation":0,"texture":"#0","tintindex":0},"north":{"uv":[8.25,9.75,9.0,10.375],"rotation":0,"texture":"#0","tintindex":0},"west":{"uv":[10.375,10.125,11.0,10.75],"rotation":0,"texture":"#0","tintindex":0},"up":{"uv":[9.75,10.375,9.0,9.75],"rotation":0,"texture":"#0","tintindex":0},"down":{"uv":[10.5,9.5,9.75,10.125],"rotation":0,"texture":"#0","tintindex":0}}},{"from":[13.142858,-4.8571434,4.142857],"to":[19.57143,-1.0,11.857143],"rotation":{"angle":22.5,"axis":"z","origin":[24.714287,-12.57143,4.142857]},"faces":{"east":{"uv":[11.0,6.5,11.75,6.875],"rotation":0,"texture":"#0","tintindex":0},"south":{"uv":[0.0,11.75,0.625,12.125],"rotation":0,"texture":"#0","tintindex":0},"north":{"uv":[11.625,9.5,12.25,9.875],"rotation":0,"texture":"#0","tintindex":0},"west":{"uv":[11.375,1.25,12.125,1.625],"rotation":0,"texture":"#0","tintindex":0},"up":{"uv":[0.625,10.625,0.0,9.875],"rotation":0,"texture":"#0","tintindex":0},"down":{"uv":[1.25,9.875,0.625,10.625],"rotation":0,"texture":"#0","tintindex":0}}},{"from":[13.145429,2.8597136,2.8597136],"to":[15.711715,7.9974284,4.1402855],"rotation":{"angle":22.5,"axis":"z","origin":[24.714287,-12.57143,4.142857]},"faces":{"east":{"uv":[9.875,12.375,10.0,12.875],"rotation":0,"texture":"#0","tintindex":0},"south":{"uv":[6.75,10.375,7.0,10.875],"rotation":0,"texture":"#0","tintindex":0},"north":{"uv":[0.75,8.75,1.0,9.25],"rotation":0,"texture":"#0","tintindex":0},"west":{"uv":[10.0,12.375,10.125,12.875],"rotation":0,"texture":"#0","tintindex":0},"up":{"uv":[7.5,4.625,7.25,4.5],"rotation":0,"texture":"#0","tintindex":0},"down":{"uv":[2.75,7.625,2.5,7.75],"rotation":0,"texture":"#0","tintindex":0}}},{"from":[10.571428,2.8571424,5.428571],"to":[11.857143,6.714286,8.0],"rotation":{"angle":22.5,"axis":"z","origin":[24.714287,-12.57143,4.142857]},"faces":{"east":{"uv":[8.875,2.25,9.125,2.625],"rotation":0,"texture":"#0","tintindex":0},"south":{"uv":[3.25,12.5,3.375,12.875],"rotation":0,"texture":"#0","tintindex":0},"north":{"uv":[12.5,1.75,12.625,2.125],"rotation":0,"texture":"#0","tintindex":0},"west":{"uv":[7.0,9.75,7.25,10.125],"rotation":0,"texture":"#0","tintindex":0},"up":{"uv":[1.125,5.75,1.0,5.5],"rotation":0,"texture":"#0","tintindex":0},"down":{"uv":[8.375,8.75,8.25,9.0],"rotation":0,"texture":"#0","tintindex":0}}},{"from":[4.142857,-2.285715,5.428571],"to":[11.857143,8.0,10.571428],"rotation":{"angle":0.0,"axis":"y","origin":[4.142857,13.142858,8.0]},"faces":{"east":{"uv":[3.625,9.125,4.125,10.125],"rotation":0,"texture":"#0","tintindex":0},"south":{"uv":[3.5,7.5,4.25,8.5],"rotation":0,"texture":"#0","tintindex":0},"north":{"uv":[7.5,2.625,8.25,3.625],"rotation":0,"texture":"#0","tintindex":0},"west":{"uv":[7.25,9.125,7.75,10.125],"rotation":0,"texture":"#0","tintindex":0},"up":{"uv":[2.5,11.25,1.75,10.75],"rotation":0,"texture":"#0","tintindex":0},"down":{"uv":[3.25,10.75,2.5,11.25],"rotation":0,"texture":"#0","tintindex":0}}}],"textures":{"0":"modelengine:entity/rocky"},"display":{"head":{"translation":[0.0,-6.4,0.0],"scale":[4.0,4.0,4.0]}}}