{"elements":[{"from":[4.5714283,8.0,6.0],"to":[11.428572,10.285714,8.285714],"rotation":{"angle":0.0,"axis":"y","origin":[8.0,9.714286,6.857143]},"faces":{"east":{"uv":[0.0,0.0,0.93333334,1.012987],"rotation":0,"texture":"#0","tintindex":0},"south":{"uv":[0.0,0.0,2.8,1.012987],"rotation":0,"texture":"#0","tintindex":0},"north":{"uv":[0.0,0.0,2.8,1.012987],"rotation":0,"texture":"#0","tintindex":0},"west":{"uv":[0.0,0.0,0.93333334,1.012987],"rotation":0,"texture":"#0","tintindex":0},"up":{"uv":[2.8,1.012987,0.0,0.0],"rotation":0,"texture":"#0","tintindex":0},"down":{"uv":[2.8,0.0,0.0,1.012987],"rotation":0,"texture":"#0","tintindex":0}}},{"from":[5.714286,10.285714,6.5714283],"to":[10.285714,13.142858,7.714286],"rotation":{"angle":0.0,"axis":"y","origin":[8.0,13.142858,7.428571]},"faces":{"east":{"uv":[7.25,4.25,7.7166667,5.516234],"rotation":0,"texture":"#0","tintindex":0},"south":{"uv":[7.25,4.25,9.116667,5.516234],"rotation":0,"texture":"#0","tintindex":0},"north":{"uv":[7.25,4.25,9.116667,5.516234],"rotation":0,"texture":"#0","tintindex":0},"west":{"uv":[7.25,4.25,7.7166667,5.516234],"rotation":0,"texture":"#0","tintindex":0},"up":{"uv":[9.116667,4.7564936,7.25,4.25],"rotation":0,"texture":"#0","tintindex":0},"down":{"uv":[9.116667,4.25,7.25,4.7564936],"rotation":0,"texture":"#0","tintindex":0}}},{"from":[4.5714283,13.142858,4.8571424],"to":[11.428572,17.142857,8.857143],"rotation":{"angle":0.0,"axis":"y","origin":[8.0,15.428572,6.857143]},"faces":{"east":{"uv":[0.0,0.0,1.6333333,1.7727273],"rotation":0,"texture":"#0","tintindex":0},"south":{"uv":[0.0,0.0,2.8,1.7727273],"rotation":0,"texture":"#0","tintindex":0},"north":{"uv":[0.0,0.0,2.8,1.7727273],"rotation":0,"texture":"#0","tintindex":0},"west":{"uv":[0.0,0.0,1.6333333,1.7727273],"rotation":0,"texture":"#0","tintindex":0},"up":{"uv":[2.8,1.7727273,0.0,0.0],"rotation":0,"texture":"#0","tintindex":0},"down":{"uv":[2.8,0.0,0.0,1.7727273],"rotation":0,"texture":"#0","tintindex":0}}}],"textures":{"0":"modelengine:entity/texture"},"display":{"head":{"translation":[0.0,-6.4,0.0],"scale":[4.0,4.0,4.0]}}}