{"elements":[{"from":[5.142857,10.285714,4.0],"to":[10.857143,14.857143,9.714286],"rotation":{"angle":0.0,"axis":"y","origin":[8.0,-14.857143,9.714286]},"faces":{"east":{"uv":[0.0,0.0,2.3333333,2.025974],"rotation":0,"texture":"#0","tintindex":0},"south":{"uv":[0.0,0.0,2.3333333,2.025974],"rotation":0,"texture":"#0","tintindex":0},"north":{"uv":[0.0,0.0,2.3333333,2.025974],"rotation":0,"texture":"#0","tintindex":0},"west":{"uv":[0.0,0.0,2.3333333,2.025974],"rotation":0,"texture":"#0","tintindex":0},"up":{"uv":[2.3333333,2.5324676,0.0,0.0],"rotation":0,"texture":"#0","tintindex":0},"down":{"uv":[2.3333333,0.0,0.0,2.5324676],"rotation":0,"texture":"#0","tintindex":0}}},{"from":[9.142858,12.571428,3.8571424],"to":[10.285714,13.714286,5.0],"rotation":{"angle":0.0,"axis":"y","origin":[8.0,12.571428,4.0]},"faces":{"east":{"uv":[3.75,4.25,4.009259,4.543233],"rotation":0,"texture":"#0","tintindex":0},"south":{"uv":[3.75,4.25,4.009259,4.543233],"rotation":0,"texture":"#0","tintindex":0},"north":{"uv":[3.75,4.25,4.009259,4.543233],"rotation":0,"texture":"#0","tintindex":0},"west":{"uv":[3.75,4.25,4.009259,4.543233],"rotation":0,"texture":"#0","tintindex":0},"up":{"uv":[3.75,4.25,4.009259,4.543233],"rotation":0,"texture":"#0","tintindex":0},"down":{"uv":[3.75,4.25,4.009259,4.543233],"rotation":0,"texture":"#0","tintindex":0}}},{"from":[5.714286,12.571428,3.8571424],"to":[6.857143,13.714286,5.0],"rotation":{"angle":0.0,"axis":"y","origin":[8.0,12.571428,4.0]},"faces":{"east":{"uv":[4.5,4.5,4.759259,4.793233],"rotation":0,"texture":"#0","tintindex":0},"south":{"uv":[4.5,4.5,4.759259,4.793233],"rotation":0,"texture":"#0","tintindex":0},"north":{"uv":[4.5,4.5,4.759259,4.793233],"rotation":0,"texture":"#0","tintindex":0},"west":{"uv":[4.5,4.5,4.759259,4.793233],"rotation":0,"texture":"#0","tintindex":0},"up":{"uv":[4.5,4.5,4.759259,4.793233],"rotation":0,"texture":"#0","tintindex":0},"down":{"uv":[4.5,4.5,4.759259,4.793233],"rotation":0,"texture":"#0","tintindex":0}}}],"textures":{"0":"modelengine:entity/texture"},"display":{"head":{"translation":[0.0,-6.4,0.0],"scale":[4.0,4.0,4.0]}}}