{"elements":[{"from":[5.714286,6.857143,2.2857141],"to":[10.285714,8.0,8.0],"rotation":{"angle":0.0,"axis":"y","origin":[8.0,8.0,8.0]},"faces":{"east":{"uv":[1.25,3.0,1.8333334,2.9064934],"rotation":0,"texture":"#0","tintindex":0},"south":{"uv":[1.25,3.0,1.6666666,2.9064934],"rotation":0,"texture":"#0","tintindex":0},"north":{"uv":[1.25,3.0,1.6666666,2.9064934],"rotation":0,"texture":"#0","tintindex":0},"west":{"uv":[1.25,3.0,1.8333334,2.9064934],"rotation":0,"texture":"#0","tintindex":0},"up":{"uv":[1.6666666,3.5324676,1.25,3.0],"rotation":0,"texture":"#0","tintindex":0},"down":{"uv":[1.6666666,3.0,1.25,3.5324676],"rotation":0,"texture":"#0","tintindex":0}}}],"textures":{"0":"modelengine:entity/texture"},"display":{"head":{"translation":[0.0,-6.4,0.0],"scale":[4.0,4.0,4.0]}}}