{"textures":{"0":"modelengine:entity/texture"},"elements":[{"from":[7.0,-4.333493,6.5331297],"to":[9.0,9.666507,8.53313],"faces":{"east":{"uv":[0.0,0.0,0.46666667,3.5454545],"tintindex":0,"rotation":0,"texture":"#0"},"south":{"uv":[0.0,0.0,0.46666667,3.5454545],"tintindex":0,"rotation":0,"texture":"#0"},"north":{"uv":[0.0,0.0,0.46666667,3.5454545],"tintindex":0,"rotation":0,"texture":"#0"},"west":{"uv":[0.0,0.0,0.46666667,3.5454545],"tintindex":0,"rotation":0,"texture":"#0"},"up":{"uv":[0.46666667,0.5064935,0.0,0.0],"tintindex":0,"rotation":0,"texture":"#0"},"down":{"uv":[0.46666667,0.0,0.0,0.5064935],"tintindex":0,"rotation":0,"texture":"#0"}}}],"display":{"gui":{"rotation":[30,225,0]}}}