{"textures":{"0":"modelengine:entity/texture"},"elements":[{"from":[7.0,-4.7668123,6.5577593],"to":[9.0,8.233189,8.557759],"faces":{"east":{"uv":[0.0,0.0,0.46666667,3.2922077],"tintindex":0,"rotation":0,"texture":"#0"},"south":{"uv":[0.0,0.0,0.46666667,3.2922077],"tintindex":0,"rotation":0,"texture":"#0"},"north":{"uv":[0.0,0.0,0.46666667,3.2922077],"tintindex":0,"rotation":0,"texture":"#0"},"west":{"uv":[0.0,0.0,0.46666667,3.2922077],"tintindex":0,"rotation":0,"texture":"#0"},"up":{"uv":[0.46666667,0.5064935,0.0,0.0],"tintindex":0,"rotation":0,"texture":"#0"},"down":{"uv":[0.46666667,0.0,0.0,0.5064935],"tintindex":0,"rotation":0,"texture":"#0"}}}],"display":{"gui":{"rotation":[30,225,0]}}}