{"elements":[{"from":[7.428571,0.70467854,7.1758623],"to":[8.571428,8.13325,8.31872],"rotation":{"angle":0.0,"axis":"y","origin":[8.0,8.0,8.0]},"faces":{"east":{"uv":[0.0,0.0,0.46666667,3.2922077],"rotation":0,"texture":"#0","tintindex":0},"south":{"uv":[0.0,0.0,0.46666667,3.2922077],"rotation":0,"texture":"#0","tintindex":0},"north":{"uv":[0.0,0.0,0.46666667,3.2922077],"rotation":0,"texture":"#0","tintindex":0},"west":{"uv":[0.0,0.0,0.46666667,3.2922077],"rotation":0,"texture":"#0","tintindex":0},"up":{"uv":[0.46666667,0.5064935,0.0,0.0],"rotation":0,"texture":"#0","tintindex":0},"down":{"uv":[0.46666667,0.0,0.0,0.5064935],"rotation":0,"texture":"#0","tintindex":0}}}],"textures":{"0":"modelengine:entity/texture"},"display":{"head":{"translation":[0.0,-6.4,0.0],"scale":[4.0,4.0,4.0]}}}