{"elements":[{"from":[6.718143,2.861,6.718143],"to":[10.567572,6.710428,9.2818575],"rotation":{"angle":-22.5,"axis":"x","origin":[13.142858,2.8571424,5.428571]},"faces":{"east":{"uv":[1.875,12.25,2.125,12.625],"rotation":0,"texture":"#0","tintindex":0},"south":{"uv":[12.125,1.75,12.5,2.125],"rotation":0,"texture":"#0","tintindex":0},"north":{"uv":[12.125,1.25,12.5,1.625],"rotation":0,"texture":"#0","tintindex":0},"west":{"uv":[2.125,12.25,2.375,12.625],"rotation":0,"texture":"#0","tintindex":0},"up":{"uv":[10.125,3.125,9.75,2.875],"rotation":0,"texture":"#0","tintindex":0},"down":{"uv":[4.0,10.125,3.625,10.375],"rotation":0,"texture":"#0","tintindex":0}}},{"from":[6.716857,2.8597136,4.1454287],"to":[10.568857,4.1402855,9.283143],"rotation":{"angle":0.0,"axis":"y","origin":[13.142858,2.8571424,5.428571]},"faces":{"east":{"uv":[12.375,9.125,12.875,9.25],"rotation":0,"texture":"#0","tintindex":0},"south":{"uv":[3.625,12.5,4.0,12.625],"rotation":0,"texture":"#0","tintindex":0},"north":{"uv":[12.375,10.875,12.75,11.0],"rotation":0,"texture":"#0","tintindex":0},"west":{"uv":[12.375,10.75,12.875,10.875],"rotation":0,"texture":"#0","tintindex":0},"up":{"uv":[9.25,12.5,8.875,12.0],"rotation":0,"texture":"#0","tintindex":0},"down":{"uv":[9.625,12.0,9.25,12.5],"rotation":0,"texture":"#0","tintindex":0}}}],"textures":{"0":"modelengine:entity/rocky"},"display":{"head":{"translation":[0.0,-6.4,0.0],"scale":[4.0,4.0,4.0]}}}