{"elements":[{"from":[6.718143,2.861,6.718143],"to":[10.567572,6.710428,9.2818575],"rotation":{"angle":-22.5,"axis":"x","origin":[13.142858,2.8571424,5.428571]},"faces":{"east":{"uv":[1.375,12.25,1.625,12.625],"rotation":0,"texture":"#0","tintindex":0},"south":{"uv":[0.75,12.125,1.125,12.5],"rotation":0,"texture":"#0","tintindex":0},"north":{"uv":[0.375,12.125,0.75,12.5],"rotation":0,"texture":"#0","tintindex":0},"west":{"uv":[1.625,12.25,1.875,12.625],"rotation":0,"texture":"#0","tintindex":0},"up":{"uv":[8.0,1.75,7.625,1.5],"rotation":0,"texture":"#0","tintindex":0},"down":{"uv":[9.75,4.375,9.375,4.625],"rotation":0,"texture":"#0","tintindex":0}}},{"from":[6.716857,2.8597136,4.1454287],"to":[10.568857,4.1402855,9.283143],"rotation":{"angle":0.0,"axis":"y","origin":[13.142858,2.8571424,5.428571]},"faces":{"east":{"uv":[12.375,8.875,12.875,9.0],"rotation":0,"texture":"#0","tintindex":0},"south":{"uv":[11.125,2.375,11.5,2.5],"rotation":0,"texture":"#0","tintindex":0},"north":{"uv":[1.375,11.125,1.75,11.25],"rotation":0,"texture":"#0","tintindex":0},"west":{"uv":[12.375,9.0,12.875,9.125],"rotation":0,"texture":"#0","tintindex":0},"up":{"uv":[6.375,12.5,6.0,12.0],"rotation":0,"texture":"#0","tintindex":0},"down":{"uv":[6.75,12.0,6.375,12.5],"rotation":0,"texture":"#0","tintindex":0}}}],"textures":{"0":"modelengine:entity/rocky"},"display":{"head":{"translation":[0.0,-6.4,0.0],"scale":[4.0,4.0,4.0]}}}